,acc,loss,time,val_acc,val_loss
0,0.144953614843,2.23078155518,82.0792899132,0.1987,2.11448959198
